{
  "train_loss": [
    0.9686386845884887,
    0.4561917853309901,
    0.28450953094815185,
    0.2172900969676959,
    0.19199326265932504,
    0.14485373655291756,
    0.11288529162581398,
    0.10286142564269148,
    0.09209135256597531,
    0.08245677346529474
  ],
  "train_acc": [
    0.6068875893437297,
    0.8284600389863548,
    0.9038336582196231,
    0.926575698505523,
    0.9382716049382716,
    0.9480181936322287,
    0.9558154645873944,
    0.9610136452241715,
    0.9623131903833658,
    0.9603638726445743
  ],
  "val_loss": [
    0.6006530927399457,
    0.49403259511721337,
    0.45385124117641124,
    0.45666481384028823,
    0.4326802171072212,
    0.4821025183961048,
    0.46552231177782355,
    0.47634460481862395,
    0.45585995986741984,
    0.48202428763921734
  ],
  "val_acc": [
    0.8029661016949152,
    0.8305084745762712,
    0.8516949152542372,
    0.8453389830508474,
    0.8559322033898306,
    0.8665254237288136,
    0.8538135593220338,
    0.8601694915254238,
    0.8538135593220338,
    0.8580508474576272
  ]
}